type,start_dt_key,end_dt_key,start_dt_local,end_dt_local,n_points,duration_hours,unique_days_count
PV1,2024-04-01T11:30:00+02:00,2024-04-01T14:00:00+02:00,2024-04-01 11:30:00,2024-04-01 14:00:00,6,3.0,1
PV1,2024-04-02T11:00:00+02:00,2024-04-02T15:30:00+02:00,2024-04-02 11:00:00,2024-04-02 15:30:00,10,5.0,1
PV1,2024-04-03T13:00:00+02:00,2024-04-03T15:30:00+02:00,2024-04-03 13:00:00,2024-04-03 15:30:00,6,3.0,1
PV1,2024-04-04T12:00:00+02:00,2024-04-04T15:30:00+02:00,2024-04-04 12:00:00,2024-04-04 15:30:00,8,4.0,1
PV1,2024-04-05T12:00:00+02:00,2024-04-05T14:00:00+02:00,2024-04-05 12:00:00,2024-04-05 14:00:00,5,2.5,1
PV1,2024-04-08T12:30:00+02:00,2024-04-08T15:30:00+02:00,2024-04-08 12:30:00,2024-04-08 15:30:00,7,3.5,1
PV1,2024-04-10T11:00:00+02:00,2024-04-10T15:30:00+02:00,2024-04-10 11:00:00,2024-04-10 15:30:00,10,5.0,1
PV1,2024-04-11T11:00:00+02:00,2024-04-11T15:30:00+02:00,2024-04-11 11:00:00,2024-04-11 15:30:00,10,5.0,1
PV1,2024-04-12T10:30:00+02:00,2024-04-12T15:30:00+02:00,2024-04-12 10:30:00,2024-04-12 15:30:00,11,5.5,1
PV1,2024-04-13T11:30:00+02:00,2024-04-13T15:30:00+02:00,2024-04-13 11:30:00,2024-04-13 15:30:00,9,4.5,1
PV1,2024-04-14T11:30:00+02:00,2024-04-14T15:30:00+02:00,2024-04-14 11:30:00,2024-04-14 15:30:00,9,4.5,1
PV1,2024-04-16T13:00:00+02:00,2024-04-16T13:30:00+02:00,2024-04-16 13:00:00,2024-04-16 13:30:00,2,1.0,1
PV1,2024-04-17T11:30:00+02:00,2024-04-17T15:30:00+02:00,2024-04-17 11:30:00,2024-04-17 15:30:00,9,4.5,1
PV1,2024-04-18T11:30:00+02:00,2024-04-18T15:30:00+02:00,2024-04-18 11:30:00,2024-04-18 15:30:00,9,4.5,1
PV1,2024-04-19T11:00:00+02:00,2024-04-19T15:30:00+02:00,2024-04-19 11:00:00,2024-04-19 15:30:00,10,5.0,1
PV1,2024-04-20T10:30:00+02:00,2024-04-20T15:30:00+02:00,2024-04-20 10:30:00,2024-04-20 15:30:00,11,5.5,1
PV1,2024-04-21T10:30:00+02:00,2024-04-21T10:30:00+02:00,2024-04-21 10:30:00,2024-04-21 10:30:00,1,0.5,1
PV1,2024-04-21T12:00:00+02:00,2024-04-21T15:30:00+02:00,2024-04-21 12:00:00,2024-04-21 15:30:00,8,4.0,1
PV1,2024-04-22T10:30:00+02:00,2024-04-22T15:30:00+02:00,2024-04-22 10:30:00,2024-04-22 15:30:00,11,5.5,1
PV1,2024-04-23T10:30:00+02:00,2024-04-23T15:30:00+02:00,2024-04-23 10:30:00,2024-04-23 15:30:00,11,5.5,1
PV1,2024-04-25T12:00:00+02:00,2024-04-25T15:00:00+02:00,2024-04-25 12:00:00,2024-04-25 15:00:00,7,3.5,1
PV1,2024-05-03T11:00:00+02:00,2024-05-03T15:30:00+02:00,2024-05-03 11:00:00,2024-05-03 15:30:00,10,5.0,1
PV1,2024-05-05T11:30:00+02:00,2024-05-05T12:30:00+02:00,2024-05-05 11:30:00,2024-05-05 12:30:00,3,1.5,1
PV1,2024-05-07T12:30:00+02:00,2024-05-07T15:00:00+02:00,2024-05-07 12:30:00,2024-05-07 15:00:00,6,3.0,1
PV1,2024-05-08T10:30:00+02:00,2024-05-08T15:30:00+02:00,2024-05-08 10:30:00,2024-05-08 15:30:00,11,5.5,1
PV1,2024-05-09T10:00:00+02:00,2024-05-09T15:30:00+02:00,2024-05-09 10:00:00,2024-05-09 15:30:00,12,6.0,1
PV1,2024-05-10T10:00:00+02:00,2024-05-10T15:30:00+02:00,2024-05-10 10:00:00,2024-05-10 15:30:00,12,6.0,1
PV1,2024-05-11T10:00:00+02:00,2024-05-11T15:30:00+02:00,2024-05-11 10:00:00,2024-05-11 15:30:00,12,6.0,1
PV1,2024-05-13T11:00:00+02:00,2024-05-13T14:30:00+02:00,2024-05-13 11:00:00,2024-05-13 14:30:00,8,4.0,1
PV1,2024-05-13T15:30:00+02:00,2024-05-13T15:30:00+02:00,2024-05-13 15:30:00,2024-05-13 15:30:00,1,0.5,1
PV1,2024-05-15T13:00:00+02:00,2024-05-15T15:00:00+02:00,2024-05-15 13:00:00,2024-05-15 15:00:00,5,2.5,1
PV1,2024-05-16T11:00:00+02:00,2024-05-16T15:30:00+02:00,2024-05-16 11:00:00,2024-05-16 15:30:00,10,5.0,1
PV1,2024-05-17T11:00:00+02:00,2024-05-17T15:30:00+02:00,2024-05-17 11:00:00,2024-05-17 15:30:00,10,5.0,1
PV1,2024-05-18T11:30:00+02:00,2024-05-18T11:30:00+02:00,2024-05-18 11:30:00,2024-05-18 11:30:00,1,0.5,1
PV1,2024-05-20T12:30:00+02:00,2024-05-20T15:00:00+02:00,2024-05-20 12:30:00,2024-05-20 15:00:00,6,3.0,1
PV1,2024-05-21T12:00:00+02:00,2024-05-21T15:30:00+02:00,2024-05-21 12:00:00,2024-05-21 15:30:00,8,4.0,1
PV1,2024-05-22T11:30:00+02:00,2024-05-22T15:30:00+02:00,2024-05-22 11:30:00,2024-05-22 15:30:00,9,4.5,1
PV1,2024-05-23T11:30:00+02:00,2024-05-23T15:30:00+02:00,2024-05-23 11:30:00,2024-05-23 15:30:00,9,4.5,1
PV1,2024-05-24T11:30:00+02:00,2024-05-24T15:30:00+02:00,2024-05-24 11:30:00,2024-05-24 15:30:00,9,4.5,1
PV1,2024-05-25T10:30:00+02:00,2024-05-25T15:30:00+02:00,2024-05-25 10:30:00,2024-05-25 15:30:00,11,5.5,1
PV1,2024-05-28T10:30:00+02:00,2024-05-28T15:30:00+02:00,2024-05-28 10:30:00,2024-05-28 15:30:00,11,5.5,1
PV1,2024-05-30T12:30:00+02:00,2024-05-30T15:30:00+02:00,2024-05-30 12:30:00,2024-05-30 15:30:00,7,3.5,1
PV1,2024-05-31T11:30:00+02:00,2024-05-31T14:00:00+02:00,2024-05-31 11:30:00,2024-05-31 14:00:00,6,3.0,1
PV1,2024-06-03T10:30:00+02:00,2024-06-03T15:30:00+02:00,2024-06-03 10:30:00,2024-06-03 15:30:00,11,5.5,1
PV1,2024-06-04T10:00:00+02:00,2024-06-04T15:30:00+02:00,2024-06-04 10:00:00,2024-06-04 15:30:00,12,6.0,1
PV1,2024-06-05T10:30:00+02:00,2024-06-05T15:30:00+02:00,2024-06-05 10:30:00,2024-06-05 15:30:00,11,5.5,1
PV1,2024-06-06T10:30:00+02:00,2024-06-06T15:30:00+02:00,2024-06-06 10:30:00,2024-06-06 15:30:00,11,5.5,1
PV1,2024-06-07T10:30:00+02:00,2024-06-07T15:30:00+02:00,2024-06-07 10:30:00,2024-06-07 15:30:00,11,5.5,1
PV1,2024-06-10T10:30:00+02:00,2024-06-10T15:30:00+02:00,2024-06-10 10:30:00,2024-06-10 15:30:00,11,5.5,1
PV1,2024-06-11T11:00:00+02:00,2024-06-11T15:30:00+02:00,2024-06-11 11:00:00,2024-06-11 15:30:00,10,5.0,1
PV1,2024-06-12T10:00:00+02:00,2024-06-12T15:30:00+02:00,2024-06-12 10:00:00,2024-06-12 15:30:00,12,6.0,1
PV1,2024-06-13T10:00:00+02:00,2024-06-13T15:30:00+02:00,2024-06-13 10:00:00,2024-06-13 15:30:00,12,6.0,1
PV1,2024-06-14T13:30:00+02:00,2024-06-14T15:00:00+02:00,2024-06-14 13:30:00,2024-06-14 15:00:00,4,2.0,1
PV1,2024-06-17T11:30:00+02:00,2024-06-17T15:30:00+02:00,2024-06-17 11:30:00,2024-06-17 15:30:00,9,4.5,1
PV1,2024-06-18T11:30:00+02:00,2024-06-18T15:30:00+02:00,2024-06-18 11:30:00,2024-06-18 15:30:00,9,4.5,1
PV1,2024-06-19T12:30:00+02:00,2024-06-19T15:00:00+02:00,2024-06-19 12:30:00,2024-06-19 15:00:00,6,3.0,1
PV1,2024-06-21T12:30:00+02:00,2024-06-21T15:30:00+02:00,2024-06-21 12:30:00,2024-06-21 15:30:00,7,3.5,1
PV1,2024-06-23T13:30:00+02:00,2024-06-23T14:00:00+02:00,2024-06-23 13:30:00,2024-06-23 14:00:00,2,1.0,1
PV1,2024-06-24T10:00:00+02:00,2024-06-24T15:30:00+02:00,2024-06-24 10:00:00,2024-06-24 15:30:00,12,6.0,1
PV1,2024-06-25T10:00:00+02:00,2024-06-25T15:30:00+02:00,2024-06-25 10:00:00,2024-06-25 15:30:00,12,6.0,1
PV1,2024-06-26T11:00:00+02:00,2024-06-26T15:30:00+02:00,2024-06-26 11:00:00,2024-06-26 15:30:00,10,5.0,1
PV1,2024-06-27T11:00:00+02:00,2024-06-27T15:30:00+02:00,2024-06-27 11:00:00,2024-06-27 15:30:00,10,5.0,1
PV1,2024-06-28T11:00:00+02:00,2024-06-28T15:30:00+02:00,2024-06-28 11:00:00,2024-06-28 15:30:00,10,5.0,1
PV1,2024-06-30T15:30:00+02:00,2024-06-30T15:30:00+02:00,2024-06-30 15:30:00,2024-06-30 15:30:00,1,0.5,1
PV1,2024-07-01T11:30:00+02:00,2024-07-01T15:30:00+02:00,2024-07-01 11:30:00,2024-07-01 15:30:00,9,4.5,1
PV1,2024-07-02T13:30:00+02:00,2024-07-02T13:30:00+02:00,2024-07-02 13:30:00,2024-07-02 13:30:00,1,0.5,1
PV1,2024-07-02T14:30:00+02:00,2024-07-02T15:00:00+02:00,2024-07-02 14:30:00,2024-07-02 15:00:00,2,1.0,1
PV1,2024-07-03T11:30:00+02:00,2024-07-03T15:30:00+02:00,2024-07-03 11:30:00,2024-07-03 15:30:00,9,4.5,1
PV1,2024-07-04T11:30:00+02:00,2024-07-04T12:00:00+02:00,2024-07-04 11:30:00,2024-07-04 12:00:00,2,1.0,1
PV1,2024-07-04T13:00:00+02:00,2024-07-04T15:30:00+02:00,2024-07-04 13:00:00,2024-07-04 15:30:00,6,3.0,1
PV1,2024-07-05T10:30:00+02:00,2024-07-05T15:30:00+02:00,2024-07-05 10:30:00,2024-07-05 15:30:00,11,5.5,1
PV1,2024-07-07T11:30:00+02:00,2024-07-07T15:30:00+02:00,2024-07-07 11:30:00,2024-07-07 15:30:00,9,4.5,1
PV1,2024-07-08T10:30:00+02:00,2024-07-08T15:30:00+02:00,2024-07-08 10:30:00,2024-07-08 15:30:00,11,5.5,1
PV1,2024-07-09T11:00:00+02:00,2024-07-09T15:30:00+02:00,2024-07-09 11:00:00,2024-07-09 15:30:00,10,5.0,1
PV1,2024-07-10T11:30:00+02:00,2024-07-10T15:30:00+02:00,2024-07-10 11:30:00,2024-07-10 15:30:00,9,4.5,1
PV1,2024-07-11T11:00:00+02:00,2024-07-11T15:30:00+02:00,2024-07-11 11:00:00,2024-07-11 15:30:00,10,5.0,1
PV1,2024-07-12T13:30:00+02:00,2024-07-12T15:30:00+02:00,2024-07-12 13:30:00,2024-07-12 15:30:00,5,2.5,1
PV1,2024-07-13T10:30:00+02:00,2024-07-13T15:30:00+02:00,2024-07-13 10:30:00,2024-07-13 15:30:00,11,5.5,1
PV1,2024-07-14T13:00:00+02:00,2024-07-14T15:30:00+02:00,2024-07-14 13:00:00,2024-07-14 15:30:00,6,3.0,1
PV1,2024-07-15T12:00:00+02:00,2024-07-15T15:30:00+02:00,2024-07-15 12:00:00,2024-07-15 15:30:00,8,4.0,1
PV1,2024-07-16T11:00:00+02:00,2024-07-16T15:30:00+02:00,2024-07-16 11:00:00,2024-07-16 15:30:00,10,5.0,1
PV1,2024-07-17T10:30:00+02:00,2024-07-17T15:30:00+02:00,2024-07-17 10:30:00,2024-07-17 15:30:00,11,5.5,1
PV1,2024-07-18T10:00:00+02:00,2024-07-18T15:30:00+02:00,2024-07-18 10:00:00,2024-07-18 15:30:00,12,6.0,1
PV1,2024-07-19T11:00:00+02:00,2024-07-19T15:30:00+02:00,2024-07-19 11:00:00,2024-07-19 15:30:00,10,5.0,1
PV1,2024-07-20T10:30:00+02:00,2024-07-20T15:30:00+02:00,2024-07-20 10:30:00,2024-07-20 15:30:00,11,5.5,1
PV1,2024-07-22T11:30:00+02:00,2024-07-22T15:30:00+02:00,2024-07-22 11:30:00,2024-07-22 15:30:00,9,4.5,1
PV1,2024-07-23T11:00:00+02:00,2024-07-23T15:30:00+02:00,2024-07-23 11:00:00,2024-07-23 15:30:00,10,5.0,1
PV1,2024-07-24T10:30:00+02:00,2024-07-24T15:30:00+02:00,2024-07-24 10:30:00,2024-07-24 15:30:00,11,5.5,1
PV1,2024-07-25T10:30:00+02:00,2024-07-25T15:30:00+02:00,2024-07-25 10:30:00,2024-07-25 15:30:00,11,5.5,1
PV1,2024-07-26T11:00:00+02:00,2024-07-26T15:30:00+02:00,2024-07-26 11:00:00,2024-07-26 15:30:00,10,5.0,1
PV1,2024-07-27T12:00:00+02:00,2024-07-27T15:30:00+02:00,2024-07-27 12:00:00,2024-07-27 15:30:00,8,4.0,1
PV1,2024-07-28T10:30:00+02:00,2024-07-28T15:30:00+02:00,2024-07-28 10:30:00,2024-07-28 15:30:00,11,5.5,1
PV1,2024-07-29T10:30:00+02:00,2024-07-29T15:30:00+02:00,2024-07-29 10:30:00,2024-07-29 15:30:00,11,5.5,1
PV1,2024-07-30T10:30:00+02:00,2024-07-30T15:30:00+02:00,2024-07-30 10:30:00,2024-07-30 15:30:00,11,5.5,1
PV1,2024-07-31T11:00:00+02:00,2024-07-31T15:30:00+02:00,2024-07-31 11:00:00,2024-07-31 15:30:00,10,5.0,1
PV1,2024-08-01T11:30:00+02:00,2024-08-01T15:30:00+02:00,2024-08-01 11:30:00,2024-08-01 15:30:00,9,4.5,1
PV1,2024-08-02T11:00:00+02:00,2024-08-02T15:30:00+02:00,2024-08-02 11:00:00,2024-08-02 15:30:00,10,5.0,1
PV1,2024-08-03T11:00:00+02:00,2024-08-03T15:30:00+02:00,2024-08-03 11:00:00,2024-08-03 15:30:00,10,5.0,1
PV1,2024-08-04T11:00:00+02:00,2024-08-04T15:30:00+02:00,2024-08-04 11:00:00,2024-08-04 15:30:00,10,5.0,1
PV1,2024-08-05T10:00:00+02:00,2024-08-05T15:30:00+02:00,2024-08-05 10:00:00,2024-08-05 15:30:00,12,6.0,1
PV1,2024-08-06T10:30:00+02:00,2024-08-06T15:30:00+02:00,2024-08-06 10:30:00,2024-08-06 15:30:00,11,5.5,1
PV1,2024-08-07T11:30:00+02:00,2024-08-07T15:30:00+02:00,2024-08-07 11:30:00,2024-08-07 15:30:00,9,4.5,1
PV1,2024-08-08T10:30:00+02:00,2024-08-08T15:30:00+02:00,2024-08-08 10:30:00,2024-08-08 15:30:00,11,5.5,1
PV1,2024-08-09T10:30:00+02:00,2024-08-09T15:30:00+02:00,2024-08-09 10:30:00,2024-08-09 15:30:00,11,5.5,1
PV1,2024-08-10T11:00:00+02:00,2024-08-10T15:30:00+02:00,2024-08-10 11:00:00,2024-08-10 15:30:00,10,5.0,1
PV1,2024-08-11T11:00:00+02:00,2024-08-11T15:30:00+02:00,2024-08-11 11:00:00,2024-08-11 15:30:00,10,5.0,1
PV1,2024-08-12T11:00:00+02:00,2024-08-12T15:30:00+02:00,2024-08-12 11:00:00,2024-08-12 15:30:00,10,5.0,1
PV1,2024-08-13T12:00:00+02:00,2024-08-13T15:30:00+02:00,2024-08-13 12:00:00,2024-08-13 15:30:00,8,4.0,1
PV1,2024-08-15T11:00:00+02:00,2024-08-15T15:30:00+02:00,2024-08-15 11:00:00,2024-08-15 15:30:00,10,5.0,1
PV1,2024-08-16T11:00:00+02:00,2024-08-16T15:30:00+02:00,2024-08-16 11:00:00,2024-08-16 15:30:00,10,5.0,1
PV1,2024-08-17T12:30:00+02:00,2024-08-17T14:30:00+02:00,2024-08-17 12:30:00,2024-08-17 14:30:00,5,2.5,1
PV1,2024-08-18T11:30:00+02:00,2024-08-18T15:30:00+02:00,2024-08-18 11:30:00,2024-08-18 15:30:00,9,4.5,1
PV1,2024-08-19T10:30:00+02:00,2024-08-19T15:30:00+02:00,2024-08-19 10:30:00,2024-08-19 15:30:00,11,5.5,1
PV1,2024-08-20T10:30:00+02:00,2024-08-20T15:30:00+02:00,2024-08-20 10:30:00,2024-08-20 15:30:00,11,5.5,1
PV1,2024-08-21T10:30:00+02:00,2024-08-21T15:30:00+02:00,2024-08-21 10:30:00,2024-08-21 15:30:00,11,5.5,1
PV1,2024-08-22T10:30:00+02:00,2024-08-22T15:30:00+02:00,2024-08-22 10:30:00,2024-08-22 15:30:00,11,5.5,1
PV1,2024-08-23T11:00:00+02:00,2024-08-23T12:00:00+02:00,2024-08-23 11:00:00,2024-08-23 12:00:00,3,1.5,1
PV1,2024-08-23T13:00:00+02:00,2024-08-23T15:30:00+02:00,2024-08-23 13:00:00,2024-08-23 15:30:00,6,3.0,1
PV1,2024-08-24T12:00:00+02:00,2024-08-24T14:30:00+02:00,2024-08-24 12:00:00,2024-08-24 14:30:00,6,3.0,1
PV1,2024-08-25T12:00:00+02:00,2024-08-25T15:30:00+02:00,2024-08-25 12:00:00,2024-08-25 15:30:00,8,4.0,1
PV1,2024-08-26T10:30:00+02:00,2024-08-26T15:30:00+02:00,2024-08-26 10:30:00,2024-08-26 15:30:00,11,5.5,1
PV1,2024-08-27T10:30:00+02:00,2024-08-27T15:30:00+02:00,2024-08-27 10:30:00,2024-08-27 15:30:00,11,5.5,1
PV1,2024-08-28T10:30:00+02:00,2024-08-28T15:30:00+02:00,2024-08-28 10:30:00,2024-08-28 15:30:00,11,5.5,1
PV1,2024-08-29T11:30:00+02:00,2024-08-29T15:30:00+02:00,2024-08-29 11:30:00,2024-08-29 15:30:00,9,4.5,1
PV1,2024-08-30T11:30:00+02:00,2024-08-30T15:30:00+02:00,2024-08-30 11:30:00,2024-08-30 15:30:00,9,4.5,1
PV1,2024-08-31T11:30:00+02:00,2024-08-31T15:30:00+02:00,2024-08-31 11:30:00,2024-08-31 15:30:00,9,4.5,1
PV1,2024-09-01T12:30:00+02:00,2024-09-01T15:30:00+02:00,2024-09-01 12:30:00,2024-09-01 15:30:00,7,3.5,1
PV1,2024-09-02T11:00:00+02:00,2024-09-02T15:30:00+02:00,2024-09-02 11:00:00,2024-09-02 15:30:00,10,5.0,1
PV1,2024-09-05T13:00:00+02:00,2024-09-05T15:00:00+02:00,2024-09-05 13:00:00,2024-09-05 15:00:00,5,2.5,1
PV1,2024-09-06T14:00:00+02:00,2024-09-06T14:30:00+02:00,2024-09-06 14:00:00,2024-09-06 14:30:00,2,1.0,1
PV1,2024-09-07T12:30:00+02:00,2024-09-07T15:30:00+02:00,2024-09-07 12:30:00,2024-09-07 15:30:00,7,3.5,1
PV1,2024-09-10T11:00:00+02:00,2024-09-10T15:30:00+02:00,2024-09-10 11:00:00,2024-09-10 15:30:00,10,5.0,1
PV1,2024-09-12T11:00:00+02:00,2024-09-12T15:30:00+02:00,2024-09-12 11:00:00,2024-09-12 15:30:00,10,5.0,1
PV1,2024-09-13T10:30:00+02:00,2024-09-13T15:30:00+02:00,2024-09-13 10:30:00,2024-09-13 15:30:00,11,5.5,1
PV1,2024-09-14T10:30:00+02:00,2024-09-14T15:30:00+02:00,2024-09-14 10:30:00,2024-09-14 15:30:00,11,5.5,1
PV1,2024-09-15T10:00:00+02:00,2024-09-15T15:30:00+02:00,2024-09-15 10:00:00,2024-09-15 15:30:00,12,6.0,1
PV1,2024-09-16T11:00:00+02:00,2024-09-16T15:30:00+02:00,2024-09-16 11:00:00,2024-09-16 15:30:00,10,5.0,1
PV1,2024-09-17T11:30:00+02:00,2024-09-17T15:30:00+02:00,2024-09-17 11:30:00,2024-09-17 15:30:00,9,4.5,1
PV1,2024-09-18T11:00:00+02:00,2024-09-18T15:30:00+02:00,2024-09-18 11:00:00,2024-09-18 15:30:00,10,5.0,1
PV1,2024-09-19T10:30:00+02:00,2024-09-19T15:30:00+02:00,2024-09-19 10:30:00,2024-09-19 15:30:00,11,5.5,1
PV1,2024-09-20T11:00:00+02:00,2024-09-20T15:30:00+02:00,2024-09-20 11:00:00,2024-09-20 15:30:00,10,5.0,1
PV1,2024-09-21T11:30:00+02:00,2024-09-21T13:00:00+02:00,2024-09-21 11:30:00,2024-09-21 13:00:00,4,2.0,1
PV1,2024-09-23T12:30:00+02:00,2024-09-23T15:00:00+02:00,2024-09-23 12:30:00,2024-09-23 15:00:00,6,3.0,1
PV1,2024-09-28T11:00:00+02:00,2024-09-28T15:30:00+02:00,2024-09-28 11:00:00,2024-09-28 15:30:00,10,5.0,1
PV1,2024-09-29T11:00:00+02:00,2024-09-29T11:30:00+02:00,2024-09-29 11:00:00,2024-09-29 11:30:00,2,1.0,1
PV1,2024-09-29T15:30:00+02:00,2024-09-29T15:30:00+02:00,2024-09-29 15:30:00,2024-09-29 15:30:00,1,0.5,1
PV1,2024-09-30T12:30:00+02:00,2024-09-30T14:30:00+02:00,2024-09-30 12:30:00,2024-09-30 14:30:00,5,2.5,1
W1,2024-01-01T00:00:00+01:00,2024-01-01T05:30:00+01:00,2024-01-01 00:00:00,2024-01-01 05:30:00,12,6.0,1
W1,2024-01-01T22:00:00+01:00,2024-01-02T05:30:00+01:00,2024-01-01 22:00:00,2024-01-02 05:30:00,16,8.0,2
W1,2024-01-02T22:00:00+01:00,2024-01-03T05:30:00+01:00,2024-01-02 22:00:00,2024-01-03 05:30:00,16,8.0,2
W1,2024-01-03T22:00:00+01:00,2024-01-04T05:30:00+01:00,2024-01-03 22:00:00,2024-01-04 05:30:00,16,8.0,2
W1,2024-01-04T22:00:00+01:00,2024-01-05T05:30:00+01:00,2024-01-04 22:00:00,2024-01-05 05:30:00,16,8.0,2
W1,2024-01-06T18:30:00+01:00,2024-01-06T21:30:00+01:00,2024-01-06 18:30:00,2024-01-06 21:30:00,7,3.5,1
W1,2024-01-07T12:30:00+01:00,2024-01-08T05:30:00+01:00,2024-01-07 12:30:00,2024-01-08 05:30:00,35,17.5,2
W1,2024-01-11T22:00:00+01:00,2024-01-11T22:00:00+01:00,2024-01-11 22:00:00,2024-01-11 22:00:00,1,0.5,1
W1,2024-01-18T02:30:00+01:00,2024-01-18T05:30:00+01:00,2024-01-18 02:30:00,2024-01-18 05:30:00,7,3.5,1
W1,2024-01-20T20:30:00+01:00,2024-01-22T05:30:00+01:00,2024-01-20 20:30:00,2024-01-22 05:30:00,67,33.5,3
W1,2024-01-22T22:00:00+01:00,2024-01-23T05:30:00+01:00,2024-01-22 22:00:00,2024-01-23 05:30:00,16,8.0,2
W1,2024-01-23T22:00:00+01:00,2024-01-24T05:30:00+01:00,2024-01-23 22:00:00,2024-01-24 05:30:00,16,8.0,2
W1,2024-01-26T01:00:00+01:00,2024-01-26T05:30:00+01:00,2024-01-26 01:00:00,2024-01-26 05:30:00,10,5.0,1
W1,2024-01-28T04:00:00+01:00,2024-01-28T11:00:00+01:00,2024-01-28 04:00:00,2024-01-28 11:00:00,15,7.5,1
W1,2024-01-28T18:30:00+01:00,2024-01-29T02:30:00+01:00,2024-01-28 18:30:00,2024-01-29 02:30:00,17,8.5,2
W1,2024-01-29T22:00:00+01:00,2024-01-30T01:30:00+01:00,2024-01-29 22:00:00,2024-01-30 01:30:00,8,4.0,2
W1,2024-01-31T23:00:00+01:00,2024-02-01T04:00:00+01:00,2024-01-31 23:00:00,2024-02-01 04:00:00,11,5.5,2
W1,2024-02-02T22:00:00+01:00,2024-02-02T22:00:00+01:00,2024-02-02 22:00:00,2024-02-02 22:00:00,1,0.5,1
W1,2024-02-04T13:00:00+01:00,2024-02-04T22:00:00+01:00,2024-02-04 13:00:00,2024-02-04 22:00:00,19,9.5,1
W1,2024-02-05T22:00:00+01:00,2024-02-06T05:30:00+01:00,2024-02-05 22:00:00,2024-02-06 05:30:00,16,8.0,2
W1,2024-02-06T22:00:00+01:00,2024-02-07T05:30:00+01:00,2024-02-06 22:00:00,2024-02-07 05:30:00,16,8.0,2
W1,2024-02-07T22:00:00+01:00,2024-02-08T05:30:00+01:00,2024-02-07 22:00:00,2024-02-08 05:30:00,16,8.0,2
W1,2024-02-08T22:00:00+01:00,2024-02-09T05:30:00+01:00,2024-02-08 22:00:00,2024-02-09 05:30:00,16,8.0,2
W1,2024-02-09T22:00:00+01:00,2024-02-10T00:00:00+01:00,2024-02-09 22:00:00,2024-02-10 00:00:00,5,2.5,2
W1,2024-02-10T19:30:00+01:00,2024-02-11T21:00:00+01:00,2024-02-10 19:30:00,2024-02-11 21:00:00,52,26.0,2
W1,2024-02-13T22:00:00+01:00,2024-02-14T05:30:00+01:00,2024-02-13 22:00:00,2024-02-14 05:30:00,16,8.0,2
W1,2024-02-14T22:00:00+01:00,2024-02-15T05:30:00+01:00,2024-02-14 22:00:00,2024-02-15 05:30:00,16,8.0,2
W1,2024-02-15T22:00:00+01:00,2024-02-16T05:30:00+01:00,2024-02-15 22:00:00,2024-02-16 05:30:00,16,8.0,2
W1,2024-02-18T07:00:00+01:00,2024-02-18T21:30:00+01:00,2024-02-18 07:00:00,2024-02-18 21:30:00,30,15.0,1
W1,2024-02-21T22:00:00+01:00,2024-02-22T05:30:00+01:00,2024-02-21 22:00:00,2024-02-22 05:30:00,16,8.0,2
W1,2024-02-22T22:00:00+01:00,2024-02-23T05:30:00+01:00,2024-02-22 22:00:00,2024-02-23 05:30:00,16,8.0,2
W1,2024-02-23T22:00:00+01:00,2024-02-23T22:00:00+01:00,2024-02-23 22:00:00,2024-02-23 22:00:00,1,0.5,1
W1,2024-02-24T05:00:00+01:00,2024-02-25T03:30:00+01:00,2024-02-24 05:00:00,2024-02-25 03:30:00,46,23.0,2
W1,2024-02-25T06:30:00+01:00,2024-02-26T05:30:00+01:00,2024-02-25 06:30:00,2024-02-26 05:30:00,47,23.5,2
W1,2024-02-26T22:00:00+01:00,2024-02-27T05:30:00+01:00,2024-02-26 22:00:00,2024-02-27 05:30:00,16,8.0,2
W1,2024-02-29T00:00:00+01:00,2024-02-29T03:30:00+01:00,2024-02-29 00:00:00,2024-02-29 03:30:00,8,4.0,1
W1,2024-02-29T22:00:00+01:00,2024-03-01T05:30:00+01:00,2024-02-29 22:00:00,2024-03-01 05:30:00,16,8.0,2
W1,2024-03-01T22:00:00+01:00,2024-03-02T14:30:00+01:00,2024-03-01 22:00:00,2024-03-02 14:30:00,34,17.0,2
W1,2024-03-07T22:00:00+01:00,2024-03-08T05:30:00+01:00,2024-03-07 22:00:00,2024-03-08 05:30:00,16,8.0,2
W1,2024-03-08T22:00:00+01:00,2024-03-09T17:00:00+01:00,2024-03-08 22:00:00,2024-03-09 17:00:00,39,19.5,2
W1,2024-03-09T18:00:00+01:00,2024-03-09T18:00:00+01:00,2024-03-09 18:00:00,2024-03-09 18:00:00,1,0.5,1
W1,2024-03-12T22:00:00+01:00,2024-03-13T00:00:00+01:00,2024-03-12 22:00:00,2024-03-13 00:00:00,5,2.5,2
W1,2024-03-14T22:00:00+01:00,2024-03-15T05:30:00+01:00,2024-03-14 22:00:00,2024-03-15 05:30:00,16,8.0,2
W1,2024-03-15T22:00:00+01:00,2024-03-16T04:00:00+01:00,2024-03-15 22:00:00,2024-03-16 04:00:00,13,6.5,2
W1,2024-03-23T00:30:00+01:00,2024-03-24T17:30:00+01:00,2024-03-23 00:30:00,2024-03-24 17:30:00,83,41.5,2
W1,2024-03-25T22:00:00+01:00,2024-03-26T01:30:00+01:00,2024-03-25 22:00:00,2024-03-26 01:30:00,8,4.0,2
W1,2024-03-26T22:00:00+01:00,2024-03-27T00:00:00+01:00,2024-03-26 22:00:00,2024-03-27 00:00:00,5,2.5,2
W1,2024-03-27T22:00:00+01:00,2024-03-28T05:30:00+01:00,2024-03-27 22:00:00,2024-03-28 05:30:00,16,8.0,2
W1,2024-03-28T22:00:00+01:00,2024-03-29T05:30:00+01:00,2024-03-28 22:00:00,2024-03-29 05:30:00,16,8.0,2
W1,2024-03-30T22:00:00+01:00,2024-03-31T01:30:00+01:00,2024-03-30 22:00:00,2024-03-31 01:30:00,8,4.0,2
W1,2024-03-31T03:00:00+02:00,2024-03-31T04:00:00+02:00,2024-03-31 03:00:00,2024-03-31 04:00:00,3,1.5,1
W1,2024-03-31T12:30:00+02:00,2024-03-31T19:00:00+02:00,2024-03-31 12:30:00,2024-03-31 19:00:00,14,7.0,1
W1,2024-04-01T22:00:00+02:00,2024-04-02T05:30:00+02:00,2024-04-01 22:00:00,2024-04-02 05:30:00,16,8.0,2
W1,2024-04-02T22:00:00+02:00,2024-04-03T05:30:00+02:00,2024-04-02 22:00:00,2024-04-03 05:30:00,16,8.0,2
W1,2024-04-03T22:00:00+02:00,2024-04-04T05:30:00+02:00,2024-04-03 22:00:00,2024-04-04 05:30:00,16,8.0,2
W1,2024-04-04T22:30:00+02:00,2024-04-05T05:30:00+02:00,2024-04-04 22:30:00,2024-04-05 05:30:00,15,7.5,2
W1,2024-04-05T22:00:00+02:00,2024-04-06T13:00:00+02:00,2024-04-05 22:00:00,2024-04-06 13:00:00,31,15.5,2
W1,2024-04-06T18:30:00+02:00,2024-04-07T06:00:00+02:00,2024-04-06 18:30:00,2024-04-07 06:00:00,24,12.0,2
W1,2024-04-07T07:00:00+02:00,2024-04-07T08:30:00+02:00,2024-04-07 07:00:00,2024-04-07 08:30:00,4,2.0,1
W1,2024-04-08T22:00:00+02:00,2024-04-09T05:30:00+02:00,2024-04-08 22:00:00,2024-04-09 05:30:00,16,8.0,2
W1,2024-04-09T22:00:00+02:00,2024-04-10T01:30:00+02:00,2024-04-09 22:00:00,2024-04-10 01:30:00,8,4.0,2
W1,2024-04-15T22:00:00+02:00,2024-04-16T05:30:00+02:00,2024-04-15 22:00:00,2024-04-16 05:30:00,16,8.0,2
W1,2024-04-16T22:00:00+02:00,2024-04-16T22:00:00+02:00,2024-04-16 22:00:00,2024-04-16 22:00:00,1,0.5,1
W1,2024-04-19T04:00:00+02:00,2024-04-19T05:30:00+02:00,2024-04-19 04:00:00,2024-04-19 05:30:00,4,2.0,1
W1,2024-04-19T22:00:00+02:00,2024-04-19T23:30:00+02:00,2024-04-19 22:00:00,2024-04-19 23:30:00,4,2.0,1
W1,2024-04-20T18:30:00+02:00,2024-04-20T19:00:00+02:00,2024-04-20 18:30:00,2024-04-20 19:00:00,2,1.0,1
W1,2024-04-21T10:30:00+02:00,2024-04-21T10:30:00+02:00,2024-04-21 10:30:00,2024-04-21 10:30:00,1,0.5,1
W1,2024-04-21T18:30:00+02:00,2024-04-22T03:00:00+02:00,2024-04-21 18:30:00,2024-04-22 03:00:00,18,9.0,2
W1,2024-04-27T14:00:00+02:00,2024-04-27T17:30:00+02:00,2024-04-27 14:00:00,2024-04-27 17:30:00,8,4.0,1
W1,2024-04-27T21:00:00+02:00,2024-04-28T08:00:00+02:00,2024-04-27 21:00:00,2024-04-28 08:00:00,23,11.5,2
W1,2024-05-02T22:00:00+02:00,2024-05-03T05:30:00+02:00,2024-05-02 22:00:00,2024-05-03 05:30:00,16,8.0,2
W1,2024-05-14T02:30:00+02:00,2024-05-14T05:30:00+02:00,2024-05-14 02:30:00,2024-05-14 05:30:00,7,3.5,1
W1,2024-05-29T00:00:00+02:00,2024-05-29T02:30:00+02:00,2024-05-29 00:00:00,2024-05-29 02:30:00,6,3.0,1
W1,2024-06-01T18:30:00+02:00,2024-06-01T21:00:00+02:00,2024-06-01 18:30:00,2024-06-01 21:00:00,6,3.0,1
W1,2024-06-14T22:00:00+02:00,2024-06-15T17:00:00+02:00,2024-06-14 22:00:00,2024-06-15 17:00:00,39,19.5,2
W1,2024-06-15T18:30:00+02:00,2024-06-16T07:30:00+02:00,2024-06-15 18:30:00,2024-06-16 07:30:00,27,13.5,2
W1,2024-07-06T03:30:00+02:00,2024-07-06T10:00:00+02:00,2024-07-06 03:30:00,2024-07-06 10:00:00,14,7.0,1
W1,2024-07-06T19:30:00+02:00,2024-07-06T21:00:00+02:00,2024-07-06 19:30:00,2024-07-06 21:00:00,4,2.0,1
W1,2024-07-15T23:00:00+02:00,2024-07-16T05:30:00+02:00,2024-07-15 23:00:00,2024-07-16 05:30:00,14,7.0,2
W1,2024-08-11T23:30:00+02:00,2024-08-12T00:30:00+02:00,2024-08-11 23:30:00,2024-08-12 00:30:00,3,1.5,2
W1,2024-08-20T22:00:00+02:00,2024-08-20T22:00:00+02:00,2024-08-20 22:00:00,2024-08-20 22:00:00,1,0.5,1
W1,2024-08-22T23:30:00+02:00,2024-08-23T05:30:00+02:00,2024-08-22 23:30:00,2024-08-23 05:30:00,13,6.5,2
W1,2024-08-24T07:30:00+02:00,2024-08-24T10:30:00+02:00,2024-08-24 07:30:00,2024-08-24 10:30:00,7,3.5,1
W1,2024-08-24T17:30:00+02:00,2024-08-25T01:00:00+02:00,2024-08-24 17:30:00,2024-08-25 01:00:00,16,8.0,2
W1,2024-09-08T12:30:00+02:00,2024-09-09T05:30:00+02:00,2024-09-08 12:30:00,2024-09-09 05:30:00,35,17.5,2
W1,2024-09-10T22:00:00+02:00,2024-09-11T05:30:00+02:00,2024-09-10 22:00:00,2024-09-11 05:30:00,16,8.0,2
W1,2024-09-16T22:00:00+02:00,2024-09-17T05:30:00+02:00,2024-09-16 22:00:00,2024-09-17 05:30:00,16,8.0,2
W1,2024-09-17T22:00:00+02:00,2024-09-18T05:30:00+02:00,2024-09-17 22:00:00,2024-09-18 05:30:00,16,8.0,2
W1,2024-09-18T22:00:00+02:00,2024-09-19T05:30:00+02:00,2024-09-18 22:00:00,2024-09-19 05:30:00,16,8.0,2
W1,2024-09-19T22:00:00+02:00,2024-09-20T00:30:00+02:00,2024-09-19 22:00:00,2024-09-20 00:30:00,6,3.0,2
W1,2024-09-25T22:00:00+02:00,2024-09-26T05:30:00+02:00,2024-09-25 22:00:00,2024-09-26 05:30:00,16,8.0,2
W1,2024-09-26T22:00:00+02:00,2024-09-27T05:30:00+02:00,2024-09-26 22:00:00,2024-09-27 05:30:00,16,8.0,2
W1,2024-09-27T22:00:00+02:00,2024-09-28T01:30:00+02:00,2024-09-27 22:00:00,2024-09-28 01:30:00,8,4.0,2
W1,2024-09-29T18:30:00+02:00,2024-09-30T05:30:00+02:00,2024-09-29 18:30:00,2024-09-30 05:30:00,23,11.5,2
W1,2024-09-30T22:00:00+02:00,2024-10-01T05:30:00+02:00,2024-09-30 22:00:00,2024-10-01 05:30:00,16,8.0,2
W1,2024-10-05T21:00:00+02:00,2024-10-06T06:30:00+02:00,2024-10-05 21:00:00,2024-10-06 06:30:00,20,10.0,2
W1,2024-10-06T15:30:00+02:00,2024-10-06T19:00:00+02:00,2024-10-06 15:30:00,2024-10-06 19:00:00,8,4.0,1
W1,2024-10-06T20:00:00+02:00,2024-10-07T02:30:00+02:00,2024-10-06 20:00:00,2024-10-07 02:30:00,14,7.0,2
W1,2024-10-07T22:00:00+02:00,2024-10-08T05:30:00+02:00,2024-10-07 22:00:00,2024-10-08 05:30:00,16,8.0,2
W1,2024-10-08T22:00:00+02:00,2024-10-09T05:30:00+02:00,2024-10-08 22:00:00,2024-10-09 05:30:00,16,8.0,2
W1,2024-10-09T22:00:00+02:00,2024-10-10T04:00:00+02:00,2024-10-09 22:00:00,2024-10-10 04:00:00,13,6.5,2
W1,2024-10-12T21:30:00+02:00,2024-10-13T00:30:00+02:00,2024-10-12 21:30:00,2024-10-13 00:30:00,7,3.5,2
W1,2024-10-15T22:00:00+02:00,2024-10-16T05:30:00+02:00,2024-10-15 22:00:00,2024-10-16 05:30:00,16,8.0,2
W1,2024-10-16T22:00:00+02:00,2024-10-17T04:30:00+02:00,2024-10-16 22:00:00,2024-10-17 04:30:00,14,7.0,2
W1,2024-10-20T08:30:00+02:00,2024-10-20T13:00:00+02:00,2024-10-20 08:30:00,2024-10-20 13:00:00,10,5.0,1
W1,2024-10-20T15:30:00+02:00,2024-10-21T00:30:00+02:00,2024-10-20 15:30:00,2024-10-21 00:30:00,19,9.5,2
W1,2024-10-24T22:00:00+02:00,2024-10-25T01:30:00+02:00,2024-10-24 22:00:00,2024-10-25 01:30:00,8,4.0,2
W1,2024-11-11T22:00:00+01:00,2024-11-12T05:30:00+01:00,2024-11-11 22:00:00,2024-11-12 05:30:00,16,8.0,2
W1,2024-11-12T22:00:00+01:00,2024-11-13T00:30:00+01:00,2024-11-12 22:00:00,2024-11-13 00:30:00,6,3.0,2
W1,2024-11-17T22:00:00+01:00,2024-11-18T05:30:00+01:00,2024-11-17 22:00:00,2024-11-18 05:30:00,16,8.0,2
W1,2024-11-18T22:00:00+01:00,2024-11-19T05:30:00+01:00,2024-11-18 22:00:00,2024-11-19 05:30:00,16,8.0,2
W1,2024-11-19T22:00:00+01:00,2024-11-20T04:00:00+01:00,2024-11-19 22:00:00,2024-11-20 04:00:00,13,6.5,2
W1,2024-11-22T05:00:00+01:00,2024-11-22T05:30:00+01:00,2024-11-22 05:00:00,2024-11-22 05:30:00,2,1.0,1
W1,2024-11-22T22:00:00+01:00,2024-11-25T05:30:00+01:00,2024-11-22 22:00:00,2024-11-25 05:30:00,112,56.0,4
W1,2024-11-27T00:00:00+01:00,2024-11-27T05:30:00+01:00,2024-11-27 00:00:00,2024-11-27 05:30:00,12,6.0,1
W1,2024-11-29T22:00:00+01:00,2024-11-29T22:30:00+01:00,2024-11-29 22:00:00,2024-11-29 22:30:00,2,1.0,1
W1,2024-12-01T20:00:00+01:00,2024-12-01T20:00:00+01:00,2024-12-01 20:00:00,2024-12-01 20:00:00,1,0.5,1
W1,2024-12-01T21:00:00+01:00,2024-12-02T01:30:00+01:00,2024-12-01 21:00:00,2024-12-02 01:30:00,10,5.0,2
W1,2024-12-02T22:00:00+01:00,2024-12-02T22:00:00+01:00,2024-12-02 22:00:00,2024-12-02 22:00:00,1,0.5,1
W1,2024-12-05T01:00:00+01:00,2024-12-05T05:30:00+01:00,2024-12-05 01:00:00,2024-12-05 05:30:00,10,5.0,1
W1,2024-12-05T22:00:00+01:00,2024-12-06T05:30:00+01:00,2024-12-05 22:00:00,2024-12-06 05:30:00,16,8.0,2
W1,2024-12-06T22:00:00+01:00,2024-12-09T05:30:00+01:00,2024-12-06 22:00:00,2024-12-09 05:30:00,112,56.0,4
W1,2024-12-09T22:00:00+01:00,2024-12-10T05:30:00+01:00,2024-12-09 22:00:00,2024-12-10 05:30:00,16,8.0,2
W1,2024-12-15T16:00:00+01:00,2024-12-16T04:00:00+01:00,2024-12-15 16:00:00,2024-12-16 04:00:00,25,12.5,2
W1,2024-12-17T22:00:00+01:00,2024-12-18T05:30:00+01:00,2024-12-17 22:00:00,2024-12-18 05:30:00,16,8.0,2
W1,2024-12-18T22:00:00+01:00,2024-12-19T05:30:00+01:00,2024-12-18 22:00:00,2024-12-19 05:30:00,16,8.0,2
W1,2024-12-19T22:00:00+01:00,2024-12-20T04:30:00+01:00,2024-12-19 22:00:00,2024-12-20 04:30:00,14,7.0,2
W1,2024-12-20T22:00:00+01:00,2024-12-21T06:30:00+01:00,2024-12-20 22:00:00,2024-12-21 06:30:00,18,9.0,2
W1,2024-12-21T07:30:00+01:00,2024-12-23T05:30:00+01:00,2024-12-21 07:30:00,2024-12-23 05:30:00,93,46.5,3
W1,2024-12-31T22:00:00+01:00,2024-12-31T23:30:00+01:00,2024-12-31 22:00:00,2024-12-31 23:30:00,4,2.0,1
